ROUGE1,ROUGE2,ROUGEL,BERTScore,FKGL,DCRS,CLI,LENS,AlignScore,SummaC,FineTuning,Generation,Evaluation,Design
0.36047875782405187,0.11417444299002875,0.31359400344871163,0.8298407566547393,13.415999999999999,10.693800000000001,12.333200000000001,30.08283694,0.3618370829895139,0.6156472194194794,Pubmed,Arxiv+Pubmed,Arxiv,pubmed-grt-AP_f50
0.3674702161505916,0.1465354978284906,0.32329345694703654,0.8448962378501892,13.338,11.651800000000001,14.145400000000002,38.76250469394248,0.5527345846965909,0.5896155881881714,Pubmed,Arxiv+Pubmed,Pubmed,pubmed-grt-AP_l50
0.36397448698732177,0.13035497040925967,0.31844373019787414,0.8373684936761856,13.377,11.1728,13.239299999999998,34.389453625807775,0.4572858338430524,0.6026314038038254,Pubmed,Arxiv+Pubmed,Arxiv+Pubmed,pubmed-grt-AP
0.29920525513603746,0.078212668,0.26674582148233145,0.8174654591083527,12.424000000000001,10.3238,12.385600000000002,33.667155986359084,0.18925808399915695,0.5127197855710983,Arxiv+Pubmed,Arxiv+Pubmed,Arxiv,arxiv_pubmed-grt-AP_f50
0.36068843035241716,0.1364136711912411,0.3238698952298985,0.842418659,13.02,11.133799999999999,12.750600000000002,34.74233296086192,0.4115914595127106,0.5378791904449463,Arxiv+Pubmed,Arxiv+Pubmed,Pubmed,arxiv_pubmed-grt-AP_l50
0.32994684274422714,0.10731316978557107,0.295307858,0.8299420565366745,12.721999999999998,10.728800000000001,12.568100000000001,34.20657472519977,0.30042477175593374,0.5252994880080223,Arxiv+Pubmed,Arxiv+Pubmed,Arxiv+Pubmed,arxiv_pubmed-grt-AP
0.2568174722669025,0.052677518,0.23092735378365778,0.8138409376144409,12.484000000000002,10.3058,12.281400000000001,31.19280498972494,0.11292322812601924,0.49868515253067014,Arxiv,Arxiv+Pubmed,Arxiv,arxiv-grt-AP_f50
0.3427956286605361,0.12469715076063682,0.30548023385743606,0.8380436062812805,12.98,11.164400000000002,12.873,33.64612090617765,0.3855223099887371,0.4959669196605682,Arxiv,Arxiv+Pubmed,Pubmed,arxiv-grt-AP_l50
0.2998065504637193,0.088687334,0.2682037938205469,0.8259422713518143,12.732000000000001,10.735100000000003,12.5772,32.402706534118444,0.24922276905737817,0.4973260360956192,Arxiv,Arxiv+Pubmed,Arxiv+Pubmed,arxiv-grt-AP